"Tokyo","84"
"Mexico City","109"
"Mumbai","76"
"Shanghai","35"
"Kolkata","76"
"Dhaka","14"
"Buenos Aires","7"
"Karachi","127"
"Rio de Janeiro","23"
"Beijing","35"
"Manila","133"
"Istanbul","168"
"Seoul","153"
"Jakarta","77"
"Guangzhou","35"
"Tehran","78"
"Kinshasa","37"
"Shenzhen","35"
"Wuhan","35"
"Hong Kong","35"
"Tianjin","35"
"Chennai","76"
"Taipei","162"
"Bangkok","165"
"Lahore","127"
"Chongqing","35"
"Belo Horizonte","23"
"Madrid","154"
"Ho Chi Minh City","179"
"Toronto","30"
"Singapore","147"
"Luanda","6"
"Baghdad","79"
"Shenyang","35"
"Khartoum","156"
"Pune","76"
"Saint Petersburg","140"
"Chittagong","14"
"Dongguan","35"
"Riyadh","144"
"Hanoi","179"
"Chengdu","35"
"Xi'an","35"
"Porto Alegre","23"
"Hechi","35"
"Abidjan","39"
"Brasilia","23"
"Monterrey","109"
"Yokohama","84"
"Nanjing","35"
"Montreal","30"
"Guiyang","35"
"Recife","23"
"Seattle","174"
"Harbin","35"
"Fortaleza","23"
"Busan","153"
"Johannesburg","152"
"Algiers","3"
"Pyongyang","124"
"Kabul","1"
"Nagoya","84"
"Cape Town","152"
"Changchun","35"
"Casablanca","114"
"Dalian","35"
"Addis Ababa","53"
"Curitiba","23"
"Zibo","35"
"Jeddah","144"
"Nairobi","87"
"Hangzhou","35"
"Benoni","152"
"Caracas","178"
"Kunming","35"
"Dar es Salaam","164"
"Minneapolis","174"
"Jaipur","76"
"Taiyuan","35"
"Frankfurt","62"
"Qingdao","35"
"Surabaya","77"
"Tampa","174"
"Jinan","35"
"Fukuoka","84"
"Campinas","23"
"Kaohsiung","162"
"Quezon City","133"
"Katowice","134"
"Aleppo","161"
"Durban","152"
"Lucknow","76"
"Zhengzhou","35"
"Taichung","162"
"Ibadan","123"
"Faisalabad","127"
"Changsha","35"
"Dakar","145"
"Izmir","168"
"Lanzhou","35"
"Incheon","153"
"Sapporo","84"
"Xiamen","35"
"Guayaquil","48"
"Mashhad","78"
"Daegu","153"
"Nagpur","76"
"Shijiazhuang","35"
"Tunis","167"
"Jilin","35"
"Bandung","77"
"Bekasi","77"
"Mannheim","62"
"Nanchang","35"
"Wenzhou","35"
"Sendai","84"
"Puebla","109"
"Tashkent","176"
"Havana","41"
"Nanning","35"
"Patna","76"
"Urumqi","35"
"Baku","12"
"Accra","63"
"Yantai","35"
"Maracaibo","178"
"Kuwait City","89"
"Haikou","35"
"Hiroshima","84"
"Baotou","35"
"Hefei","35"
"Indore","76"
"Port-au-Prince","72"
"Haiphong","179"
"Nanyang","35"
"Bucharest","139"
"Ningbo","35"
"Douala","29"
"Tangshan","35"
"Tainan","162"
"Brisbane","10"
"Rawalpindi","127"
"Beirut","93"
"Minsk","15"
"Kyoto","84"
"Barranquilla","36"
"Orlando","174"
"Vadodara","76"
"Manaus","23"
"Wuxi","35"
"Palembang","77"
"Brussels","16"
"Essen","62"
"Bhopal","76"
"Hohhot","35"
"Pittsburgh","174"
"Luoyang","35"
"Quito","48"
"Antananarivo","100"
"Coimbatore","76"
"Daqing","35"
"Budapest","74"
"Turin","82"
"Ludhiana","76"
"Cincinnati","174"
"Kumasi","63"
"Qiqihar","35"
"Anshan","35"
"Handan","35"
"Tai'an","35"
"Shantou","35"
"Agra","76"
"Zhanjiang","35"
"Kalyan","76"
"Abuja","123"
"Harare","182"
"Indianapolis","174"
"Khulna","14"
"Weifang","35"
"Tijuana","109"
"Kobe","84"
"Multan","127"
"Gujranwala","127"
"Ganzhou","35"
"Bamako","104"
"Conakry","69"
"Bursa","168"
"Virginia Beach","174"
"Fushun","35"
"Changde","35"
"Daejeon","153"
"Phnom Penh","28"
"Quanzhou","35"
"Kharkiv","171"
"Doha","137"
"Kuala Lumpur","102"
"Maputo","115"
"Kaduna","123"
"Gwangju","153"
"Karaj","78"
"Kampala","170"
"Tabriz","78"
"The Hague","119"
"Davao","133"
"Marseille","57"
"Meerut","76"
"Mianyang","35"
"Semarang","77"
"Faridabad","76"
"Novosibirsk","140"
"Dubai","172"
"Auckland","120"
"Brazzaville","37"
"Varanasi","76"
"Lubumbashi","37"
"Ghaziabad","76"
"Pretoria","152"
"Asansol","76"
"Lusaka","181"
"Changzhou","35"
"Yekaterinburg","140"
"Peshawar","127"
"Mandalay","116"
"Jamshedpur","76"
"Madura","76"
"Adana","168"
"Jabalpur","76"
"Chifeng","35"
"Duisburg","62"
"Munich","62"
"Stockholm","159"
"Makassar","77"
"Rajkot","76"
"Dhanbad","76"
"Mudanjiang","35"
"Shiraz","78"
"Amritsar","76"
"Almaty","86"
"Warangal","76"
"Allahabad","76"
"Benin City","123"
"Sofia","25"
"Benghazi","96"
"Cilacap","77"
"Leshan","35"
"Ouagadougou","26"
"Srinagar","76"
"Samara","140"
"Omsk","140"
"Xianyang","35"
"Cagayan de Oro","133"
"Can Tho","179"
"Helsinki","56"
"Calgary","30"
"Baoding","35"
"Zigong","35"
"Sharjah","172"
"Yerevan","8"
"Mogadishu","151"
"Tbilisi","61"
"Huambo","6"
"Salt Lake City","174"
"Bhilai","76"
"Chelyabinsk","140"
"Dushanbe","163"
"Copenhagen","44"
"Changwon","153"
"Suwon","153"
"Vereeniging","152"
"Ulsan","153"
"Amman","85"
"Edmonton","30"
"Solapur","76"
"Dnipro","171"
"Xining","35"
"Ranchi","76"
"Gaziantep","168"
"Jerusalem","81"
"New Orleans","174"
"Guatemala City","68"
"Zhuhai","35"
"Florianopolis","23"
"Port Elizabeth","152"
"Jiamusi","35"
"Port Harcourt","123"
"Benxi","35"
"Haifa","81"
"Bucaramanga","36"
"Maracay","178"
"Homs","161"
"Cologne","62"
"Qinhuangdao","35"
"N'Djamena","33"
"Tegucigalpa","73"
"Djibouti","45"
"Managua","121"
"Niamey","122"
"Tirana","2"
"Kathmandu","118"
"Ulaanbaatar","113"
"Kigali","141"
"Bishkek","90"
"Oslo","125"
"Bangui","32"
"Islamabad","127"
"Cotonou","18"
"Vientiane","91"
"Nouakchott","107"
"Ashgabat","169"
"Zagreb","40"
"Sarajevo","21"
"Lilongwe","101"
"Asmara","51"
"Abu Dhabi","172"
"Port Louis","108"
"Libreville","59"
"Manama","13"
"Vilnius","98"
"Skopje","138"
"Bloemfontein","152"
"Bratislava","148"
"Bissau","70"
"Tallinn","52"
"Valletta","105"
"Maseru","94"
"Bujumbura","27"
"Canberra","10"
"Ljubljana","149"
"Porto-Novo","18"
"Bandar Seri Begawan","24"
"Port of Spain","166"
"Port Moresby","130"
"Windhoek","117"
"Paramaribo","157"
"Sucre","20"
"Nicosia","42"
"Dodoma","164"
"Colombo","155"
"Gaborone","22"
"Yamoussoukro","39"
"Suva","55"
"Praia","31"
"Luxembourg","99"
"Thimphu","19"
"Mbabane","158"
"Honiara","150"
"Oranjestad","9"
"Apia","143"
"Andorra la Vella","5"
"Port-Vila","177"
"Banjul","60"
"Castries","142"
"Monaco","112"
"Vaduz","97"
"Tarawa","88"
"Majuro","106"
"Roseau","46"
"Belmopan","17"
"Pago Pago","4"
"Aden","180"
"Cochabamba","20"
"Ahvaz","78"
"Jodhpur","76"
"San Luis Potosi","109"
"Yinchuan","35"
"Jiaxing","35"
"Guilin","35"
"Dahuk","79"
"Volgograd","140"
"Guwahati","76"
"Yangquan","35"
"Chandigarh","76"
"Gwalior","76"
"Hamamatsu","84"
"Qom","78"
"Jixi","35"
"Klang","102"
"Jinzhou","35"
"Oklahoma City","174"
"Thiruvananthapuram","76"
"General Santos","133"
"Bacolod","133"
"Nantong","35"
"Foshan","35"
"Krasnoyarsk","140"
"Olinda","23"
"Antwerp","16"
"Konya","168"
"Teresina","23"
"Naha","84"
"Goyang","153"
"Tarsus","168"
"Bengbu","35"
"Mendoza","7"
"Hubli","76"
"Mysore","76"
"Mexicali","109"
"Mombasa","87"
"Newcastle upon Tyne","173"
"Callao","132"
"Bilbao","154"
"Johor Bahru","102"
"Raipur","76"
"Fort Worth","174"
"Yangjiang","35"
"Marrakech","114"
"Dandong","35"
"Aguascalientes","109"
"Okayama","84"
"Tampico","109"
"Jalandhar","76"
"Zhenjiang","35"
"Zunyi","35"
"Anshun","35"
"Toulouse","57"
"Voronezh","140"
"Saratov","140"
"Yancheng","35"
"Cuernavaca","109"
"Linfen","35"
"Basel","160"
"Kermanshah","78"
"Thessaloniki","65"
"Omaha","174"
"Jhansi","76"
"Nottingham","173"
"Agadir","114"
"Butterworth","102"
"Bareilly","76"
"Arequipa","132"
"Wuhu","35"
"Rajshahi","14"
"Quy Nhon","179"
"Malang","77"
"Aligarh","76"
"Bordeaux","57"
"McAllen","174"
"Pekanbaru","77"
"Yingkou","35"
"Liaoyang","35"
"Chihuahua","109"
"Jammu","76"
"Moradabad","76"
"Antalya","168"
"Campo Grande","23"
"Shaoxing","35"
"Mangalore","76"
"Wuppertal","62"
"Cheongju","153"
"Hamhung","124"
"Fuxin","35"
"Quetta","127"
"Trabzon","168"
"Saltillo","109"
"Pietermaritzburg","152"
"Tangier","114"
"Hsinchu","162"
"Kolhapur","76"
"Namangan","176"
"Ansan","153"
"Nuremberg","62"
"Amravati","76"
"Denpasar","77"
"Beihai","35"
"Moshi","164"
"Shaoguan","35"
"Kumamoto","84"
"Kandahar","1"
"Jeonju","153"
"Samarkand","176"
"Changzhi","35"
"Shizuoka","84"
"Bulawayo","182"
"Meknes","114"
"Enugu","123"
"Aracaju","23"
"Allentown","174"
"San Pedro Sula","73"
"Catania","82"
"Gorakhpur","76"
"Ipoh","102"
"Tulsa","174"
"Utsunomiya","84"
"Bytom","134"
"Pointe-Noire","37"
"Shimoga","76"
"Irbid","85"
"Tiruppur","76"
"Krasnodar","140"
"Diyarbakir","168"
"Morelia","109"
"Utrecht","119"
"Yogyakarta","77"
"Winnipeg","30"
"Izhevsk","140"
"Cape Coral","174"
"Quebec","30"
"Colorado Springs","174"
"Port Said","49"
"Dresden","62"
"Wiesbaden","62"
"Palu","77"
"Taizhou","35"
"Samsun","168"
"Luxor","49"
"Belgaum","76"
"Pontianak","77"
"Banjarmasin","77"
"Kirkuk","79"
"Mission Viejo","174"
"Canoas","23"
"Barnaul","140"
"Zahedan","78"
"Jalalabad","1"
"Chiclayo","132"
"Hermosillo","109"
"Rasht","78"
"Nagano","84"
"Kayseri","168"
"Samarinda","77"
"Ajmer","76"
"Dortmund","62"
"Vladivostok","140"
"Irkutsk","140"
"Blantyre","101"
"Baton Rouge","174"
"Cuttack","76"
"Hachioji","84"
"Khabarovsk","140"
"Veracruz","109"
"Kisangani","37"
"Bikaner","76"
"Quetzaltenango","68"
"Bakersfield","174"
"Kuching","102"
"Niigata","84"
"Pereira","36"
"Macau","35"
"Akron","174"
"Sorocaba","23"
"Weihai","35"
"Mar del Plata","7"
"Santiago de Cuba","41"
"Siping","35"
"Kagoshima","84"
"Bhavnagar","76"
"Bahawalpur","127"
"Kanazawa","84"
"Orenburg","140"
"Puerto La Cruz","178"
"Kashgar","35"
"Bilaspur","76"
"Sargodha","127"
"Leipzig","62"
"Yangzhou","35"
"Novokuznetsk","140"
"Latakia","161"
"Otsu","84"
"Tomsk","140"
"Matsuyama","84"
"Rouen","57"
"Jiangmen","35"
"Oaxaca","109"
"Guntur","76"
"Hamadan","78"
"Cangzhou","35"
"Kota Kinabalu","102"
"Gold Coast","10"
"Ji'an","35"
"Londrina","23"
"Lipetsk","140"
"Banda Aceh","77"
"Ujjain","76"
"Gliwice","134"
"Bukittinggi","77"
"Liaoyuan","35"
"Kota Bharu","102"
"Provo","174"
"Arak","78"
"Annaba","3"
"Keelung","162"
"Chiayi","162"
"Mataram","77"
"Reynosa","109"
"Wuwei","35"
"Palm Bay","174"
"Port Sudan","156"
"Yanji","35"
"Bologna","82"
"Saharanpur","76"
"Gulbarga","76"
"Feira de Santana","23"
"Shah Alam","102"
"Herat","1"
"Zhaoqing","35"
"Ostrava","43"
"Yazd","78"
"Kemerovo","140"
"Staten Island","174"
"Chaoyang","35"
"Juiz de Fora","23"
"Udaipur","76"
"Piraeus","65"
"Shymkent","86"
"Iligan","133"
"Qazvin","78"
"Calabar","123"
"Malatya","168"
"Iquitos","132"
"Mazar-e Sharif","1"
"Jingdezhen","35"
"Jambi","77"
"Hengshui","35"
"Sfax","167"
"Sunderland","173"
"Xalapa","109"
"Manado","77"
"Oshawa","30"
"Chengde","35"
"Oita","84"
"Cheboksary","140"
"Balikpapan","77"
"Bellary","76"
"Bamenda","29"
"Tokushima","84"
"Wuzhou","35"
"Denton","174"
"Wakayama","84"
"Strasbourg","57"
"Mawlamyine","116"
"Nantes","57"
"Khujand","163"
"Guangyuan","35"
"Garoua","29"
"Bukavu","37"
"Tuticorin","76"
"Nagasaki","84"
"Pohang","153"
"Kaliningrad","140"
"Port St. Lucie","174"
"Santa Marta","36"
"Villahermosa","109"
"Bournemouth","173"
"Bengkulu","77"
"Heidelberg","62"
"Kurnool","76"
"Chaozhou","35"
"Batangas","133"
"Ivanovo","140"
"Erzurum","168"
"Sukkur","127"
"Campina Grande","23"
"Kitchener","30"
"Winston-Salem","174"
"Middlesbrough","173"
"Meizhou","35"
"Gifu","84"
"Huancayo","132"
"Nha Trang","179"
"Kursk","140"
"Metz","57"
"Jeju","153"
"Osogbo","123"
"Szczecin","134"
"Chattanooga","174"
"Murcia","154"
"Tanta","49"
"Kitwe","181"
"Zanzibar","164"
"Mbale","170"
"Palm Coast","174"
"Kassala","156"
"Surgut","140"
"Tumkur","76"
"Buraydah","144"
"Eindhoven","119"
"Chiang Mai","165"
"Piura","132"
"Ndola","181"
"Yuxi","35"
"Poughkeepsie","174"
"Kisumu","87"
"Nyala","156"
"Sandakan","102"
"Stoke-on-Trent","173"
"Bhilwara","76"
"Oxnard","174"
"Scranton","174"
"Samut Prakan","165"
"Grenoble","57"
"Nampula","115"
"Brno","43"
"Alajuela","38"
"Iloilo","133"
"Resistencia","7"
"Qarshi","176"
"Boise","174"
"Pasto","36"
"Caxias do Sul","23"
"Xichang","35"
"Vigo","154"
"Karlsruhe","62"
"Putian","35"
"Manizales","36"
"Shillong","76"
"Khorramabad","78"
"Kaunas","98"
"Kissimmee","174"
"Youngstown","174"
"Seremban","102"
"Denizli","168"
"Mazatlan","109"
"Longyan","35"
"Bydgoszcz","134"
"Kuantan","102"
"Gorontalo","77"
"Nakuru","87"
"Vladikavkaz","140"
"Larkana","127"
"Christchurch","120"
"Sanya","35"
"Bhagalpur","76"
"Tamale","63"
"Bobo-Dioulasso","26"
"Lublin","134"
"Augsburg","62"
"Taraz","86"
"Toulon","57"
"Zanjan","78"
"Iwaki","84"
"Posadas","7"
"Ca Mau","179"
"Asahikawa","84"
"Mirpur Khas","127"
"Ambon","77"
"Orizaba","109"
"Eldoret","87"
"Rahimyar Khan","127"
"Anaheim","174"
"Vinnytsya","171"
"Hualien","162"
"Kuala Terengganu","102"
"Long Xuyen","179"
"Haarlem","119"
"Buon Ma Thuot","179"
"Chimbote","132"
"Nuevo Laredo","109"
"Sanandaj","78"
"Linz","11"
"Victorville","174"
"Charleroi","16"
"Maebashi","84"
"Kurgan","140"
"Piracicaba","23"
"Yeosu","153"
"Corpus Christi","174"
"Pematangsiantar","77"
"Arusha","164"
"Corrientes","7"
"Plovdiv","25"
"Tieling","35"
"Irapuato","109"
"East London","152"
"Kaesong","124"
"Kawagoe","84"
"Alor Setar","102"
"Santa Cruz de Tenerife","154"
"Greensboro","174"
"Bauru","23"
"Nakhon Ratchasima","165"
"Takamatsu","84"
"Muzaffarpur","76"
"Toyama","84"
"Montes Claros","23"
"Bielefeld","62"
"Mathura","76"
"Mymensingh","14"
"Baishan","35"
"Patiala","76"
"Wonsan","124"
"Fort Wayne","174"
"Sochi","140"
"Montpellier","57"
"Sousse","167"
"Ann Arbor","174"
"Birjand","78"
"Yoshkar-Ola","140"
"Miyazaki","84"
"Smolensk","140"
"Ciudad del Este","131"
"Pelotas","23"
"Kherson","171"
"Legazpi City","133"
"Akita","84"
"Pachuca","109"
"Bukhara","176"
"Murmansk","140"
"Holguin","41"
"Vladimir","140"
"Mobile","174"
"Hat Yai","165"
"Poltava","171"
"Rohtak","76"
"Cluj-Napoca","139"
"Alicante","154"
"Armenia","36"
"Pescara","82"
"Gdynia","134"
"Ningde","35"
"Aswan","49"
"Varna","25"
"Koblenz","62"
"Semey","86"
"Sambalpur","76"
"Pucallpa","132"
"Antofagasta","34"
"Santa Clarita","174"
"Asheville","174"
"Valledupar","36"
"Antsirabe","100"
"Chernihiv","171"
"Ratlam","76"
"Tawau","102"
"San Salvador de Jujuy","7"
"Rajahmundry","76"
"Olongapo","133"
"Craiova","139"
"Fort Collins","174"
"Hakodate","84"
"Chemnitz","62"
"Kingston upon Hull","173"
"Jinja","170"
"Gujrat","127"
"Tambov","140"
"Bidar","76"
"Rach Gia","179"
"Soc Trang","179"
"Oyster Bay","174"
"Jember","77"
"Aomori","84"
"Chernivtsi","171"
"Iskenderun","168"
"Cherkasy","171"
"Rampur","76"
"Morioka","84"
"Vologda","140"
"Sumy","171"
"Fukushima","84"
"Blumenau","23"
"Thies","145"
"Kakinada","76"
"Panipat","76"
"Ponta Grossa","23"
"Mbeya","164"
"Cagliari","82"
"Khammam","76"
"Bafoussam","29"
"Kassel","62"
"Bhuj","76"
"Huizhou","35"
"Karimnagar","76"
"Sinuiju","124"
"Shreveport","174"
"Davenport","174"
"Tirupati","76"
"Sekondi","63"
"Hospet","76"
"Rangpur","14"
"Mandya","76"
"Bago","116"
"Iksan","153"
"Alwar","76"
"Aizawl","76"
"Kupang","77"
"Zhytomyr","171"
"South Bend","174"
"Tacloban","133"
"Cotabato","133"
"Rize","168"
"Ica","132"
"Sumqayit","12"
"Taganrog","140"
"Kaolack","145"
"Kostroma","140"
"Sukabumi","77"
"Ciudad Victoria","109"
"Ubon Ratchathani","165"
"Blackpool","173"
"Yamagata","84"
"Pekalongan","77"
"Tasikmalaya","77"
"Bijapur","76"
"Jersey City","174"
"Chula Vista","174"
"Nancy","57"
"Mokpo","153"
"Eugene","174"
"Myeik","116"
"Temuco","34"
"Lausanne","160"
"Petrozavodsk","140"
"Imphal","76"
"Sivas","168"
"Tobruk","96"
"Graz","11"
"Lubbock","174"
"Cabo Frio","23"
"Balikesir","168"
"Petrolina","23"
"Wollongong","10"
"Uberaba","23"
"Tampere","56"
"Popayan","36"
"Nonthaburi","165"
"Al Mukalla","180"
"Rio Branco","23"
"Etawah","76"
"Cascavel","23"
"Chimoio","115"
"Ensenada","109"
"Rivne","171"
"Turpan","35"
"Chuxiong","35"
"Cirebon","77"
"Pathankot","76"
"Chandler","174"
"Anchorage","174"
"Tallahassee","174"
"Dire Dawa","53"
"Messina","82"
"Khon Kaen","165"
"Morogoro","164"
"Governador Valadares","23"
"Sonipat","76"
"Jaffna","155"
"Arua","170"
"Caserta","82"
"Kashan","78"
"Mutare","182"
"Vung Tau","179"
"Fukui","84"
"Singkawang","77"
"Miskolc","74"
"Killeen","174"
"Udon Thani","165"
"Oruro","20"
"Bratsk","140"
"Matadi","37"
"Mirzapur","76"
"Juliaca","132"
"Winter Haven","174"
"Jessore","14"
"Wonju","153"
"Angarsk","140"
"North Las Vegas","174"
"Le Havre","57"
"Caruaru","23"
"Neuquen","7"
"Novorossiysk","140"
"Atlantic City","174"
"Garland","174"
"Aarhus","44"
"Taiping","102"
"Pathein","116"
"Tegal","77"
"Sylhet","14"
"Monclova","109"
"Tours","57"
"Dera Ghazi Khan","127"
"Luton","173"
"Yakutsk","140"
"McKinney","174"
"Visalia","174"
"Zacatecas","109"
"Singaraja","77"
"Clermont-Ferrand","57"
"Kennewick","174"
"Maradi","122"
"Nakhon Si Thammarat","165"
"Saidpur","14"
"Debrecen","74"
"Nashua","174"
"North Hempstead","174"
"Syktyvkar","140"
"Zhangye","35"
"Zinder","122"
"Nukus","176"
"Magdeburg","62"
"Nawabshah","127"
"Bharatpur","76"
"Iquique","34"
"Chuncheon","153"
"Monywa","116"
"Sikasso","104"
"Juazeiro do Norte","23"
"Karnal","76"
"Vitoria-Gasteiz","154"
"Nagercoil","76"
"Haeju","124"
"Colima","109"
"Appleton","174"
"Itabuna","23"
"Banja Luka","21"
"Blagoveshchensk","140"
"Polokwane","152"
"Lhasa","35"
"Gabes","167"
"Thousand Oaks","174"
"Wuhai","35"
"San Pedro de Macoris","47"
"Sibolga","77"
"San Bernardino","174"
"Gilgit","127"
"Bremerton","174"
"Trieste","82"
"Kielce","134"
"Mulhouse","57"
"Biysk","140"
"Split","40"
"Kalamazoo","174"
"Oradea","139"
"Tacoma","174"
"Limbe","29"
"Abha","144"
"Toamasina","100"
"Oral","86"
"Presidente Prudente","23"
"Sanming","35"
"Rennes","57"
"Tema","63"
"Santander","154"
"Green Bay","174"
"La Romana","47"
"Pingliang","35"
"Moreno Valley","174"
"Laoag","133"
"Bahir Dar","53"
"Korla","35"
"Salzburg","11"
"Amarillo","174"
"Campeche","109"
"Funchal","135"
"Lampang","165"
"Salalah","126"
"Pisa","82"
"Agartala","76"
"Erfurt","62"
"Rostock","62"
"Barisal","14"
"Taranto","82"
"Yonkers","174"
"Pskov","140"
"Huntington Beach","174"
"Sete Lagoas","23"
"Puri","76"
"Dindigul","76"
"Haldia","76"
"Pokhara","118"
"Bergamo","82"
"Kasama","181"
"Taza","114"
"Batu Pahat","102"
"Saskatoon","30"
"Thanh Hoa","179"
"Kofu","84"
"Gurgaon","76"
"Burhanpur","76"
"Porlamar","178"
"Reims","57"
"Burgas","25"
"Iskandar","176"
"Brikama","60"
"Grand Prairie","174"
"Tarakan","77"
"Ziguinchor","145"
"Waterbury","174"
"Muar","102"
"Overland Park","174"
"Butuan","133"
"Caen","57"
"Dong Hoi","179"
"Kabwe","181"
"Quelimane","115"
"Cork","80"
"Parakou","18"
"Nandyal","76"
"Angers","57"
"Paarl","152"
"Szeged","74"
"Ternate","77"
"Puerto Vallarta","109"
"Gibraltar","64"
"Cachoeiro de Itapemirim","23"
"Pinar del Rio","41"
"Olsztyn","134"
"Cienfuegos","41"
"Cedar Rapids","174"
"Marbella","154"
"Arica","34"
"Hagerstown","174"
"Yei","156"
"Mainz","62"
"Fianarantsoa","100"
"Kutaisi","61"
"Gweru","182"
"Spartanburg","174"
"Manta","48"
"Atyrau","86"
"Biratnagar","118"
"Barrie","30"
"Chingola","181"
"Tonk","76"
"Probolinggo","77"
"Gastonia","174"
"Gangneung","153"
"El Jadid","114"
"Reggio di Calabria","82"
"Lorain","174"
"Sioux Falls","174"
"Tangail","14"
"Fort Lauderdale","174"
"Passo Fundo","23"
"Newport News","174"
"Sittwe","116"
"Si Racha","165"
"Boma","37"
"High Point","174"
"Rancho Cucamonga","174"
"Treviso","82"
"Frisco","174"
"Danbury","174"
"Vellore","76"
"Yuzhno-Sakhalinsk","140"
"Salatiga","77"
"Turku","56"
"Modena","82"
"Les Cayes","72"
"Entebbe","170"
"Taitung","162"
"Puerto Montt","34"
"Garden Grove","174"
"Sidon","93"
"Nampa","174"
"Vallejo","174"
"Shimla","76"
"Stavanger","125"
"Lishui","35"
"Riobamba","48"
"Banyuwangi","77"
"Nova Friburgo","23"
"Rijeka","40"
"Burgos","154"
"Dijon","57"
"Kluang","102"
"Jayapura","77"
"Arad","139"
"Sonsonate","50"
"Ormoc","133"
"Oldenburg","62"
"Abakan","140"
"Murfreesboro","174"
"Dibrugarh","76"
"Rustenburg","152"
"Livingstone","181"
"Kendari","77"
"Kimberley","152"
"Nantou","162"
"Serang","77"
"Ocala","174"
"Regensburg","62"
"Kigoma","164"
"Phitsanulok","165"
"Patra","65"
"Ingolstadt","62"
"Mostar","21"
"La Rioja","7"
"Lecce","82"
"Tunja","36"
"Geelong","10"
"Ra's al Khaymah","172"
"Hayward","174"
"Taunggyi","116"
"Valdivia","34"
"Pagadian","133"
"Tarija","20"
"Punta del Este","175"
"Cuddalore","76"
"Odense","44"
"Sobral","23"
"Port Arthur","174"
"Surat Thani","165"
"Palmdale","174"
"Puerto Princesa","133"
"Ussuriysk","140"
"Tiraspol","111"
"Afyonkarahisar","168"
"Matsue","84"
"Champaign","174"
"Moundou","33"
"Koforidua","63"
"Livorno","82"
"Ciudad del Carmen","109"
"Sibiu","139"
"Batumi","61"
"Innsbruck","11"
"Foggia","82"
"Sariwon","124"
"Battambang","28"
"Mahajanga","100"
"La Serena","34"
"Chetumal","109"
"Pathum Thani","165"
"Cairns","10"
"Tuscaloosa","174"
"Limassol","42"
"Lake Charles","174"
"Macon","174"
"Silchar","76"
"Limoges","57"
"Abbotsford","30"
"Bintulu","102"
"Maragheh","78"
"Benguela","6"
"Guarapuava","23"
"Uzhhorod","171"
"Kitale","87"
"Yilan","162"
"Miaoli","162"
"Tororo","170"
"Pattani","165"
"Keren","51"
"Warner Robins","174"
"New Bedford","174"
"Perugia","82"
"Topeka","174"
"Gyumri","8"
"Jiayuguan","35"
"Yala","165"
"Elkhart","174"
"Naperville","174"
"Trondheim","125"
"Gulu","170"
"Aix-en-Provence","57"
"Ambala","76"
"Torrance","174"
"Ibarra","48"
"Matanzas","41"
"Perpignan","57"
"Tabora","164"
"Bruges","16"
"Dawei","116"
"Hanzhong","35"
"La Ceiba","73"
"Krishnanagar","76"
"Biarritz","57"
"Metairie","174"
"Kolar","76"
"Kairouan","167"
"Le Mans","57"
"Tuzla","21"
"Huelva","154"
"Sarnia","30"
"Goma","37"
"Otaru","84"
"Stara Zagora","25"
"Bechar","3"
"Kenema","146"
"Amiens","57"
"Calama","34"
"Cape Coast","63"
"Houma","174"
"Cajamarca","132"
"Massawa","51"
"Arnhem","119"
"Phuket","165"
"Tyler","174"
"Comodoro Rivadavia","7"
"Lhokseumawe","77"
"Dunhuang","35"
"Bizerte","167"
"Sherbrooke","30"
"Piedras Negras","109"
"Kumbakonam","76"
"Myitkyina","116"
"Chinandega","121"
"Townsville","10"
"Yuma","174"
"Tiruvannamalai","76"
"Pabna","14"
"Bremerhaven","62"
"Olathe","174"
"Thornton","174"
"Harlingen","174"
"Oulu","56"
"Grand Junction","174"
"Shizuishan","35"
"Baia Mare","139"
"West Valley City","174"
"Lira","170"
"Pyay","116"
"Orsha","15"
"'s-Hertogenbosch","119"
"Las Cruces","174"
"Yakima","174"
"Riohacha","36"
"Awasa","53"
"Coral Springs","174"
"Sterling Heights","174"
"Blitar","77"
"Mauldin","174"
"Pindamonhangaba","23"
"Papeete","58"
"Racine","174"
"Opole","134"
"Tra Vinh","179"
"Lae","130"
"Pilibhit","76"
"Ferrara","82"
"Stamford","174"
"Pinsk","15"
"Ninh Binh","179"
"Masaya","121"
"Tokat","168"
"Andong","153"
"Tete","115"
"Batticaloa","155"
"Xai-Xai","115"
"Simi Valley","174"
"Port Blair","76"
"Gafsa","167"
"Sogamoso","36"
"Edirne","168"
"Tarragona","154"
"Montego Bay","83"
"Leeuwarden","119"
"Sorong","77"
"Kumbo","29"
"Kelowna","30"
"Kenosha","174"
"Santa Tecla","50"
"Fasa","78"
"Laiwu","35"
"Round Rock","174"
"Uruguaiana","23"
"Indramayu","77"
"Porto Seguro","23"
"Maina","67"
"Maastricht","119"
"Aalborg","44"
"Tauranga","120"
"Billings","174"
"Sassari","82"
"Ponce","136"
"Yuba City","174"
"Larache","114"
"Pearland","174"
"Puerto Plata","47"
"Leominster","174"
"Tetovo","138"
"Iowa City","174"
"Udine","82"
"Arvada","174"
"Pleven","25"
"Anuradhapura","155"
"Tongren","35"
"Kingsport","174"
"Nakhon Pathom","165"
"Agadez","122"
"Punta Arenas","34"
"Vyborg","140"
"Chiang Rai","165"
"Richardson","174"
"Puno","132"
"Yakeshi","35"
"Boke","69"
"Gilroy","174"
"Rock Hill","174"
"Inhambane","115"
"Clearwater","174"
"Toliara","100"
"Tuguegarao","133"
"Temecula","174"
"Utica","174"
"Kankan","69"
"Costa Mesa","174"
"Santa Cruz do Sul","23"
"Downey","174"
"Coeur d'Alene","174"
"Satu Mare","139"
"Guanajuato","109"
"El Centro","174"
"Mazyr","15"
"Nakhon Sawan","165"
"Iringa","164"
"Zwolle","119"
"Kandy","155"
"Daugavpils","92"
"Magelang","77"
"Algeciras","154"
"Balkanabat","169"
"Pemba","115"
"Volos","65"
"Inglewood","174"
"Pompano Beach","174"
"Centennial","174"
"West Palm Beach","174"
"Mzuzu","101"
"Lichinga","115"
"The Woodlands","174"
"Szombathely","74"
"Heihe","35"
"Siem Reap","28"
"Szolnok","74"
"Tumbes","132"
"Matagalpa","121"
"Karamay","35"
"Mopti","104"
"Trincomalee","155"
"Broken Arrow","174"
"Kyzyl","140"
"Esteli","121"
"Barletta","82"
"West Covina","174"
"Koszalin","134"
"Turlock","174"
"Golmud","35"
"Daly City","174"
"Eau Claire","174"
"Elista","140"
"Taungoo","116"
"Kandalaksha","140"
"Sandy Springs","174"
"Douliu","162"
"Coimbra","135"
"Drobeta-Turnu Severin","139"
"Namur","16"
"Bage","23"
"Jurupa Valley","174"
"Suceava","139"
"Annecy","57"
"Lahad Datu","102"
"Lugano","160"
"Highlands Ranch","174"
"Davie","174"
"Linhares","23"
"Cottbus","62"
"San Mateo","174"
"Jena","62"
"Nong Khai","165"
"Brindisi","82"
"Maumere","77"
"Albury","10"
"Abengourou","39"
"El Cajon","174"
"Rialto","174"
"Marsa Matruh","49"
"Vinh Long","179"
"Roxas City","133"
"Lower Hutt","120"
"Edison","174"
"Liberec","43"
"Charlottesville","174"
"La Crosse","174"
"Bontang","77"
"Teluk Intan","102"
"Kansk","140"
"Olomouc","43"
"Vanadzor","8"
"Novara","82"
"Sparks","174"
"Vacaville","174"
"Ancona","82"
"Bukoba","164"
"Sakata","84"
"Lida","15"
"Chanthaburi","165"
"Tumen","35"
"Giresun","168"
"Kericho","87"
"Lahti","56"
"Orem","174"
"Mangochi","101"
"Compton","174"
"Bismarck","174"
"Schwerin","62"
"Mtwara","164"
"Erechim","23"
"Mekele","53"
"Magadan","140"
"Osijek","40"
"Latacunga","48"
"Malindi","87"
"Darwin","10"
"Tulcea","139"
"Santiago de Compostela","154"
"Santa Monica","174"
"Calais","57"
"Kohima","76"
"Kuopio","56"
"Cabinda","6"
"Helsingborg","159"
"Drammen","125"
"Moncton","30"
"Klagenfurt","11"
"San Leandro","174"
"Phetchaburi","165"
"Buea","29"
"Limerick","80"
"Francistown","22"
"Santana do Livramento","23"
"Fujin","35"
"Tambacounda","145"
"Sumbawanga","164"
"State College","174"
"Citrus Heights","174"
"Surigao","133"
"Makeni","146"
"Assis","23"
"Shumen","25"
"Huaraz","132"
"Nouadhibou","107"
"Ruhengeri","141"
"Bitola","138"
"Ioannina","65"
"Agua Prieta","109"
"Huehuetenango","68"
"Chipata","181"
"Poitiers","57"
"Rio Gallegos","7"
"Chumphon","165"
"Alhambra","174"
"Caceres","23"
"Savannakhet","91"
"Mbarara","170"
"Gisenyi","141"
"Kampong Cham","28"
"Buena Park","174"
"Tulcan","48"
"Amasya","168"
"Palmerston North","120"
"Abomey","18"
"Mountain View","174"
"Zomba","101"
"Natitingou","18"
"Deerfield Beach","174"
"New Rochelle","174"
"Erdenet","113"
"Ouahigouya","26"
"Alameda","174"
"Chania","65"
"Cheyenne","174"
"Zahle","93"
"Milpitas","174"
"Gangtok","76"
"Bellflower","174"
"Watsonville","174"
"Hakkari","168"
"La Rochelle","57"
"Baldwin Park","174"
"Masvingo","182"
"Babahoyo","48"
"Sakon Nakhon","165"
"Birobidzhan","140"
"Tamanrasset","3"
"Galway","80"
"Nevsehir","168"
"Greenock","173"
"Karlstad","159"
"Cozumel","109"
"Mpanda","164"
"Skien","125"
"Roanne","57"
"New Britain","174"
"Esbjerg","44"
"Nizwa","126"
"Pawtucket","174"
"Vratsa","25"
"Monastir","167"
"Upington","152"
"Mardin","168"
"Zadar","40"
"Passaic","174"
"Comayagua","73"
"Saraburi","165"
"Mindelo","31"
"Sunyani","63"
"Karakol","90"
"Trnava","148"
"Giurgiu","139"
"Timbuktu","104"
"Gaithersburg","174"
"L'Aquila","82"
"Narathiwat","165"
"Artemisa","41"
"Balsas","23"
"Putrajaya","102"
"Redondo Beach","174"
"Garissa","87"
"Khanty-Mansiysk","140"
"South San Francisco","174"
"Kasese","170"
"Jelgava","92"
"Lao Cai","179"
"Bayonne","174"
"Puerto Maldonado","132"
"Burdur","168"
"Alba Iulia","139"
"Tamarac","174"
"Schenectady","174"
"Panaji","76"
"Masaka","170"
"Faizabad","1"
"Mazatenango","68"
"Skokie","174"
"Kangar","102"
"Ramla","81"
"Kristiansand","125"
"Kanchanaburi","165"
"Pico Rivera","174"
"Kakamega","87"
"Vilhena","23"
"Montebello","174"
"Belize City","17"
"Graaff-Reinet","152"
"Tataouine","167"
"Surin","165"
"Singida","164"
"Assen","119"
"Madang","130"
"Troyes","57"
"Cayenne","57"
"Ponta Delgada","135"
"National City","174"
"Malden","174"
"Monterey Park","174"
"Cherbourg","57"
"Canela","23"
"Cupertino","174"
"Banfora","26"
"Gardena","174"
"Lankaran","12"
"La Mesa","174"
"West Allis","174"
"Nkhotakota","101"
"Leticia","36"
"Drummondville","30"
"Ben Tre","179"
"Lappeenranta","56"
"Manacapuru","23"
"Mount Hagen","130"
"White Plains","174"
"Huntington Park","174"
"Kamphaeng Phet","165"
"Embu","87"
"Chaiyaphum","165"
"Kirklareli","168"
"Rundu","117"
"Ushuaia","7"
"Napier","120"
"Carson City","174"
"Puntarenas","38"
"New Brunswick","174"
"Vaasa","56"
"Vacaria","23"
"Eger","74"
"Fountain Valley","174"
"Lautoka","55"
"Halmstad","159"
"Berwyn","174"
"Melo","175"
"Ithaca","174"
"Nakhon Phanom","165"
"Aloha","174"
"Hoboken","174"
"Abancay","132"
"Kalasin","165"
"Karlovac","40"
"Rosemead","174"
"Ajaccio","57"
"Aveiro","135"
"Revere","174"
"Jihlava","43"
"Joensuu","56"
"Registro","23"
"Saint-Brieuc","57"
"Slobozia","139"
"Mongu","181"
"Pursat","28"
"Fredericton","30"
"Naryn","90"
"Whangarei","120"
"Placentia","174"
"Chilliwack","30"
"Aliso Viejo","174"
"Maha Sarakham","165"
"Tucupita","178"
"Vejle","44"
"Nyeri","87"
"Jinotega","121"
"Cerritos","174"
"Phetchabun","165"
"Gbadolite","37"
"Sisophon","28"
"Kampot","28"
"Chake Chake","164"
"Maun","22"
"Chachoengsao","165"
"Invercargill","120"
"Shawinigan","30"
"La Mirada","174"
"Larnaca","42"
"Barra do Corda","23"
"Songkhla","165"
"Vigan","133"
"Kibuye","141"
"El Kef","167"
"Ratnapura","155"
"Capanema","23"
"Moyobamba","132"
"Antelope","174"
"Itamaraju","23"
"Badulla","155"
"Montana","25"
"North Highlands","174"
"Lamia","65"
"Meru","87"
"Berat","2"
"Kokkola","56"
"Mikkeli","56"
"Hollister","174"
"Nevers","57"
"Coyhaique","34"
"Puttalam","155"
"Komotini","65"
"Liberia","38"
"Hackensack","174"
"Leiria","135"
"Itanagar","76"
"Piripiri","23"
"Kabale","170"
"Cleveland Heights","174"
"Annandale","174"
"Camocim","23"
"Huancavelica","132"
"Bluefields","121"
"Atar","107"
"Phatthalung","165"
"San Bruno","174"
"Ventspils","92"
"Rohnert Park","174"
"Fort Portal","170"
"Cabo San Lucas","109"
"Dieppe","57"
"Charlottetown","30"
"Lovech","25"
"Penedo","23"
"Brumado","23"
"Lindi","164"
"Artigas","175"
"Woonsocket","174"
"Grande Prairie","30"
"Faro","135"
"Minas","175"
"Cao Bang","179"
"Bastia","57"
"Teaneck","174"
"Wilkes-Barre","174"
"Hallandale Beach","174"
"Goroka","130"
"Tozeur","167"
"Antigua Guatemala","68"
"Roi Et","165"
"Culver City","174"
"Upper Hutt","120"
"Caloundra","10"
"Phrae","165"
"Stanton","174"
"Ha Giang","179"
"Lake Worth","174"
"Fort Lee","174"
"Penticton","30"
"Diamantina","23"
"West Hollywood","174"
"Rayong","165"
"Dubrovnik","40"
"Retalhuleu","68"
"Drogheda","80"
"Falun","159"
"Paphos","42"
"Manhattan Beach","174"
"Ulaangom","113"
"Phichit","165"
"Loei","165"
"Karlskrona","159"
"Samut Songkhram","165"
"Kalmar","159"
"Rovaniemi","56"
"Satun","165"
"Norristown","174"
"Foster City","174"
"Gisborne","120"
"Karonga","101"
"Aosta","82"
"Durazno","175"
"Dana Point","174"
"Jacmel","72"
"Prachuap Khiri Khan","165"
"Castelo Branco","135"
"Campbell River","30"
"Kampong Speu","28"
"Koh Kong","28"
"Lawndale","174"
"Cradock","152"
"Bangassou","32"
"Fribourg","160"
"Courtenay","30"
"Orangeville","30"
"Moose Jaw","30"
"Guarda","135"
"Rumbek","156"
"Rivas","121"
"Neuchatel","160"
"Krabi","165"
"Kouvola","56"
"Santa Paula","174"
"Burlingame","174"
"Hovd","113"
"Blenheim","120"
"Khorugh","163"
"East Palo Alto","174"
"Port Chester","174"
"Stung Treng","28"
"Swakopmund","117"
"Hamar","125"
"Chalatenango","50"
"Tunceli","168"
"Shamokin","174"
"Nutley","174"
"Kisii","87"
"Pilar","131"
"Newburgh","174"
"Drexel Hill","174"
"Guaranda","48"
"Treinta y Tres","175"
"Imperial Beach","174"
"Bregenz","11"
"Rocha","175"
"Brockville","30"
"Tralee","80"
"Bayanhongor","113"
"Mendi","130"
"Chachapoyas","132"
"El Cerrito","174"
"Ossining","174"
"Juneau","174"
"Wewak","130"
"Suitland","174"
"Rockville Centre","174"
"Otjiwarongo","117"
"Rouyn-Noranda","30"
"Ranong","165"
"Herndon","174"
"Lamu","87"
"Ghat","96"
"Peekskill","174"
"Koulikoro","104"
"Iguape","23"
"Rosemont","174"
"Fray Bentos","175"
"Whitehorse","30"
"Millbrae","174"
"Visby","159"
"Sunny Isles Beach","174"
"Ojinaga","109"
"Nkhata Bay","101"
"Monsey","174"
"Mocoa","36"
"Heredia","38"
"Fort McMurray","30"
"Yasothon","165"
"Trat","165"
"Kilkenny","80"
"Lennox","174"
"Mountlake Terrace","174"
"Paracuru","23"
"Phayao","165"
"Omagh","173"
"Orange Walk","17"
"Penzance","173"
"Artashat","8"
"Somoto","121"
"Viljandi","52"
"Columbia Heights","174"
"Sligo","80"
"Lodwar","87"
"Franconia","174"
"West Chester","174"
"Kratie","28"
"Tsetserleg","113"
"Kavieng","130"
"Hermosa Beach","174"
"Makamba","27"
"Evergreen Park","174"
"Lillehammer","125"
"Puerto Escondido","109"
"Mamaroneck","174"
"Central Falls","174"
"Yellowknife","30"
"Ashtarak","8"
"Whakatane","120"
"Lezhe","2"
"Molde","125"
"Hyattsville","174"
"Tindouf","3"
"Kedougou","145"
"Keetmanshoop","117"
"Takoma Park","174"
"Dong Ha","179"
"Pakwach","170"
"Loikaw","116"
"Vila Real","135"
"Carmelo","175"
"Glenmont","174"
"Lansdale","174"
"Marsabit","87"
"Dispur","76"
"Baruun-Urt","113"
"Asbury Park","174"
"Pacific Grove","174"
"Viana do Castelo","135"
"White Center","174"
"Daru","130"
"Izamal","109"
"Pierre","174"
"Weehawken","174"
"Lamphun","165"
"Ang Thong","165"
"Grover Beach","174"
"Carpinteria","174"
"Faya","33"
"Luganville","177"
"Eisenstadt","11"
"Coatesville","174"
"Guerrero Negro","109"
"University Heights","174"
"Kumi","170"
"Kisoro","170"
"Liestal","160"
"Isla Mujeres","109"
"Robertsport","95"
"Santa Rosalia","109"
"Haapsalu","52"
"Emeryville","174"
"Alotau","130"
"Loreto","109"
"Vanimo","130"
"Villanueva","109"
"Suffern","174"
"Dangriga","17"
"Filadelfia","131"
"Sukhothai","165"
"Ventnor City","174"
"Capitola","174"
"Watervliet","174"
"Greymouth","120"
"Bocas del Toro","129"
"Keansburg","174"
"Marina del Rey","174"
"Fort William","173"
"Sarnen","160"
"Weyburn","30"
"Aiea","174"
"Kasane","22"
"Mae Hong Son","165"
"Mokhotlong","94"
"Kirkwall","173"
"Yeghegnadzor","8"
"Mount Rainier","174"
"San Juan Bautista","131"
"Luquillo","136"
"Montpelier","174"
"Nyack","174"
"San Isidro","136"
"Castroville","174"
"Lerwick","173"
"Bronxville","174"
"Ghanzi","22"
"Diekirch","99"
"Kennett Square","174"
"Larchmont","174"
"Iqaluit","30"
"Santa Isabel","136"
"Surfside","174"
"Lorengau","130"
"Glarus","160"
"Appenzell","160"
"Kerema","130"
"Media","174"
"Sisimiut","66"
"Punakha","19"
"Opuwo","117"
"Ilulissat","66"
"Grevenmacher","99"
"Janjanbureh","60"
"Qaqortoq","66"
"Soroti","170"
"Lethem","71"
"Gingoog","133"
"Antipolo","133"
"Banqiao","162"
"Lucena","133"
"Masbate","133"
"Tandag","133"
"Malabon","133"
"Oroquieta","133"
"Da Nang","179"
"Catarman","133"
"La Trinidad","133"
"Sliema","105"
"Sorsogon","133"
"Kalibo","133"
"Kidapawan","133"
"Daet","133"
"Virac","133"
"Maidstone","173"
"Piran","149"
"Morden","173"
"Barnsley","173"
"Weston-super-Mare","173"
"Saitama","84"
"Ashton-under-Lyne","173"
"Doncaster","173"
"Calapan","133"
"Tagum","133"
"Catbalogan","133"
"Stockport","173"
"Paisley","173"
"Digos","133"
"Wallasey","173"
"Oldham","173"
"Rotherham","173"
"Dorchester","173"
"San Gwann","105"
"Port Talbot","173"
"Forfar","173"
"Widnes","173"
"Wigan","173"
"Maasin","133"
"Rochdale","173"
"Chiba","84"
"Aylesbury","173"
"Wokingham","173"
"Truro","173"
"Thornbury","173"
"Trowbridge","173"
"Morpeth","173"
"Milton Keynes","173"
"Dalkeith","173"
"Scunthorpe","173"
"Kolonia","110"
"Motherwell","173"
"Dipolog","133"
"Kampong Thom","28"
"Hartlepool","173"
"Arima","166"
"Rasdhoo","103"
"Salford","173"
"Hertford","173"
"Koper","149"
"Caernarfon","173"
"Walsall","173"
"Al Wakrah","137"
"Ballymena","173"
"Magherafelt","173"
"Yoro","73"
"Lisburn","173"
"Banlung","28"
"Newry","173"
"Strabane","173"
"Northallerton","173"
"Baalbek","93"
"Wexford","80"
"Isiolo","87"
"Downpatrick","173"
"Antrim","173"
"Izola","149"
"Hoima","170"
"Baler","133"
"Huddersfield","173"
"Homa Bay","87"
"Kabarnet","87"
"Oshakati","117"
"Gateshead","173"
"Naas","80"
"Siquijor","133"
"Sihanoukville","28"
"Banbridge","173"
"Newtownabbey","173"
"Chichester","173"
"Borongan","133"
"Stirling","173"
"Usk","173"
"Blackburn","173"
"Wallsend","173"
"Swords","80"
"Celje","149"
"Cookstown","173"
"Trim","80"
"Kamnik","149"
"Solihull","173"
"Chaguanas","166"
"Armagh","173"
"Tullamore","80"
"Valmiera","92"
"Dungannon","173"
"Coleraine","173"
"Conwy","173"
"Grosuplje","149"
"Kurunegala","155"
"Rakvere","52"
"Carlow","80"
"Mersin","168"
"Escaldes-Engordany","5"
"Malaybalay","133"
"Wolverhampton","173"
"Tam Ky","179"
"Mullingar","80"
"Marsaxlokk","105"
"Kuressaare","52"
"Taro","150"
"Kozani","65"
"Jekabpils","92"
"Longford","80"
"Ipil","133"
"Castlebar","80"
"Nenagh","80"
"Bender","111"
"Oakham","173"
"Labuan","102"
"Mariehamn","56"
"Cerklje na Gorenjskem","149"
"Dien Bien Phu","179"
"Karlovy Vary","43"
"Novo Mesto","149"
"Llandrindod Wells","173"
"Nitra","148"
"Llangefni","173"
"Stornoway","173"
"Port Laoise","80"
"Enniskillen","173"
"Madaba","85"
"Valga","52"
"Hunedoara","139"
"Bontoc","133"
"Lendava","149"
"Magas","140"
"Kuala Belait","24"
"Xaghra","105"
"Remich","99"
"Bled","149"
"Sopron","74"
"Debe","166"
"Saint-Louis","145"
"Lelystad","119"
"Lifford","80"
"Maidenhead","173"
"Ebbw Vale","173"
"Nagykanizsa","74"
"Brvenica","138"
"Slough","173"
"Postojna","149"
"Nelspruit","152"
"Grimsby","173"
"Telford","173"
"Hola","87"
"Zugdidi","61"
"Samraong","28"
"Wiltz","99"
"Kole","170"
"Schaan","97"
"Encamp","5"
"Koronadal","133"
"Balzers","97"
"Swindon","173"
"Echternach","99"
"Kumanovo","138"
"Falkirk","173"
"Sandbach","173"
"Oyam","170"
"Yamaguchi","84"
"Gostivar","138"
"La Massana","5"
"Strumica","138"
"Vianden","99"
"Pailin","28"
"Tolmin","149"
"Sant Julia de Loria","5"
"Palanga","98"
"Debar","138"
"Matlock","173"
"Mersch","99"
"Hongseong","153"
"Sarpsborg","125"
"Muan","153"
"Kobarid","149"
"Ohrid","138"
"Struga","138"
"Veles","138"
"Naftalan","12"
"Mukdahan","165"
"Ozurgeti","61"
"Nong Bua Lamphu","165"
"Vidin","25"
"Santa Elena","48"
"Mongar","19"
"Sisak","40"
"Gabrovo","25"
"Famagusta","42"
"Kyrenia","42"
"Amnat Charoen","165"
"Pader","170"
"Zaqatala","12"
"Bovec","149"
"Clervaux","99"
"Bosilovo","138"
"Ordino","5"
"Canillo","5"
"Sa Kaeo","165"
"Stockton-on-Tees","173"
"Bogdanci","138"
"Phonsavan","91"
"Samdrup Jongkhar","19"
"Mtskheta","61"
"Qabala","12"
"Aberaeron","173"
"Prilep","138"
"Rustavi","61"
"Telavi","61"
"Mamuju","77"
"Novo Selo","138"
"Sigulda","92"
"Akhaltsikhe","61"
"Jonava","98"
"Druskininkai","98"
"Smolyan","25"
"Kavadarci","138"
"Kretinga","98"
"Kriva Palanka","138"
"Qax","12"
"Cidade Velha","31"
"Trakai","98"
"Beverley","173"
"Bauska","92"
"Silistra","25"
"Kilmarnock","173"
"Kapan","8"
"Qobustan","12"
"Resen","138"
"Tukums","92"
"Nida","98"
"Kratovo","138"
"Khasab","126"
"Bangar","24"
"Ligatne","92"
"Vestmanna","54"
"Berovo","138"
"Porkeri","54"
"Hvalba","54"
"Kajaani","56"
"Ntchisi","101"
"Demir Hisar","138"
"Smiltene","92"
"Gulbene","92"
"Madona","92"
"Ambrolauri","61"
"Demir Kapija","138"
"Haddington","173"
"Trongsa","19"
"Kirkintilloch","173"
"Valka","92"
"Loango","37"
"Gasa","19"
"Torquay","173"
"Qamdo","35"
"San Angelo","174"
"Tsuruoka","84"
"Wichita Falls","174"
"Longmont","174"
"Thunder Bay","30"
"Tuapse","140"
"Manteca","174"
"Boca Raton","174"
"Flensburg","62"
"Idaho Falls","174"
"Beaverton","174"
"Dhahran","144"
"Federal Way","174"
"Bolzano","82"
"Brockton","174"
"San Carlos de Bariloche","7"
"Hesperia","174"
"Nowra","10"
"Livonia","174"
"Manzhouli","35"
"Rosenheim","62"
"Toowoomba","10"
"Terre Haute","174"
"Blacksburg","174"
"Maizuru","84"
"Itaituba","23"
"Hanford","174"
"Arezzo","82"
"Grahamstown","152"
"Toms River","174"
"Lawton","174"
"Livermore","174"
"Lee's Summit","174"
"Gatchina","140"
"Suffolk","174"
"Missoula","174"
"Fall River","174"
"Rapid City","174"
"Muncie","174"
"Montero","20"
"Sugar Land","174"
"Waukegan","174"
"Cheektowaga","174"
"Redwood City","174"
"Joplin","174"
"Newport Beach","174"
"Sokcho","153"
"Ballarat","10"
"Hoover","174"
"Nanaimo","30"
"Port Huron","174"
"Wiener Neustadt","11"
"Bagamoyo","164"
"Bendigo","10"
"Cranston","174"
"Farmington Hills","174"
"Necochea","7"
"Chino Hills","174"
"Vorkuta","140"
"Goodyear","174"
"Valdosta","174"
"New Braunfels","174"
"Kokomo","174"
"Gualeguaychu","7"
"Flagstaff","174"
"Kankakee","174"
"Marsala","82"
"Ende","77"
"Upland","174"
"Karur","76"
"Baytown","174"
"Battle Creek","174"
"Oudtshoorn","152"
"Gary","174"
"Mackay","10"
"Bolingbrook","174"
"Oshkosh","174"
"Red Deer","30"
"Camarillo","174"
"The Villages","174"
"Hilton Head Island","174"
"Rochester Hills","174"
"Schaumburg","174"
"Harrisonburg","174"
"Wausau","174"
"Grand-Bassam","39"
"Rancho Cordova","174"
"Sundsvall","159"
"Mandurah","10"
"Cuamba","115"
"Waldorf","174"
"Tatvan","168"
"Southfield","174"
"Tokar","156"
"Owensboro","174"
"Waukesha","174"
"Launceston","10"
"Morgantown","174"
"Bourges","57"
"Sumter","174"
"Kalamata","65"
"Ellicott City","174"
"Dothan","174"
"Asti","82"
"Framingham","174"
"Maple Grove","174"
"Pocatello","174"
"Lethbridge","30"
"North Richland Hills","174"
"Chau Doc","179"
"Belogorsk","140"
"Walnut Creek","174"
"West Bend","174"
"Hasselt","16"
"Jorhat","76"
"Ragusa","82"
"Glen Burnie","174"
"Delray Beach","174"
"Kamloops","30"
"Dubuque","174"
"Bossier City","174"
"Buckeye","174"
"Yorba Linda","174"
"Daytona Beach","174"
"Deva","139"
"DeKalb","174"
"Casper","174"
"Kenner","174"
"Sherman","174"
"Petaluma","174"
"Weirton","174"
"Narva","52"
"Old Bridge","174"
"Eagan","174"
"Los Lunas","174"
"Corvallis","174"
"Lake Elsinore","174"
"Kungur","140"
"Laguna Niguel","174"
"North Little Rock","174"
"Rockhampton","10"
"Alpharetta","174"
"West Des Moines","174"
"Prince George","30"
"San Clemente","174"
"Michigan City","174"
"Rocklin","174"
"Fairbanks","174"
"Elmira","174"
"Puerto Madryn","7"
"Eden Prairie","174"
"Parkersburg","174"
"Tulare","174"
"Haverhill","174"
"Castro Valley","174"
"Bhairahawa","118"
"West Hartford","174"
"Pflugerville","174"
"Port Orange","174"
"Encinitas","174"
"Medicine Hat","30"
"Knysna","152"
"Coffs Harbour","10"
"Balboa","129"
"Sebring","174"
"Coon Rapids","174"
"Dundalk","174"
"Ankeny","174"
"San Luis Obispo","174"
"Council Bluffs","174"
"Castle Rock","174"
"Noblesville","174"
"Gadsden","174"
"Palm Harbor","174"
"Hamden","174"
"Burnsville","174"
"Stralsund","62"
"Civitavecchia","82"
"Coburg","62"
"Langzhong","35"
"Reston","174"
"Benton Harbor","174"
"Meriden","174"
"Kotlas","140"
"Chapel Hill","174"
"Port Charlotte","174"
"St. Clair Shores","174"
"Beckley","174"
"Kavala","65"
"Royal Oak","174"
"Goldsboro","174"
"Towson","174"
"Casa Grande","174"
"Des Plaines","174"
"Walla Walla","174"
"Midwest City","174"
"East Stroudsburg","174"
"Diamond Bar","174"
"Pittsfield","174"
"Huntersville","174"
"Rotorua","120"
"Shoreline","174"
"Novato","174"
"Serres","65"
"Chicopee","174"
"Hazleton","174"
"Wagga Wagga","10"
"Lake Havasu City","174"
"Grants Pass","174"
"Colton","174"
"Arroyo Grande","174"
"Cathedral City","174"
"Cape Girardeau","174"
"Twin Falls","174"
"Eagle Pass","174"
"Hacienda Heights","174"
"Southaven","174"
"Grapevine","174"
"Ruteng","77"
"Bozeman","174"
"Chicoutimi","30"
"Mount Prospect","174"
"Severomorsk","140"
"Elyria","174"
"Lenexa","174"
"West Sacramento","174"
"Tigard","174"
"Minnetonka","174"
"Peabody","174"
"Alexandroupoli","65"
"Palm Desert","174"
"Lompoc","174"
"Pinellas Park","174"
"Siena","82"
"New Plymouth","120"
"Porirua","120"
"Bundaberg","10"
"Chambersburg","174"
"Edina","174"
"Gwadar","127"
"Burien","174"
"Emden","62"
"Florissant","174"
"Bloomsburg","174"
"Tarma","132"
"Coral Gables","174"
"East Hartford","174"
"New Bern","174"
"Xanthi","65"
"Passau","62"
"Turbo","36"
"Hua Hin","165"
"Apex","174"
"Poway","174"
"Traverse City","174"
"Dunwoody","174"
"Downers Grove","174"
"Bullhead City","174"
"Bentonville","174"
"Cuyahoga Falls","174"
"Timimoun","3"
"Mishawaka","174"
"St. Louis Park","174"
"Reedley","174"
"East Lansing","174"
"Waingapu","77"
"Kannapolis","174"
"East Brunswick","174"
"Uniontown","174"
"Paducah","174"
"Cookeville","174"
"Findlay","174"
"Port Macquarie","10"
"Niagara Falls","174"
"Enid","174"
"Wauwatosa","174"
"Morehead City","174"
"Mildura","10"
"Luwuk","77"
"Draper","174"
"Glenview","174"
"West Orange","174"
"Kafue","181"
"Jeffersonville","174"
"Ladysmith","152"
"McLean","174"
"Beavercreek","174"
"Sandnes","125"
"Pine Bluff","174"
"Maricopa","174"
"New Philadelphia","174"
"Elmhurst","174"
"Galveston","174"
"Leavenworth","174"
"Ocoee","174"
"Kibungo","141"
"Lufkin","174"
"Biloxi","174"
"Irati","23"
"Mae Sot","165"
"Hilo","174"
"Evesham","174"
"Coachella","174"
"Olbia","82"
"West Seneca","174"
"Tupelo","174"
"Shebekino","140"
"El Dorado Hills","174"
"Morgan Hill","174"
"Shahhat","96"
"Manitowoc","174"
"Zvolen","148"
"Aliwal North","152"
"Del Rio","174"
"Roskilde","44"
"Altamonte Springs","174"
"Rockwall","174"
"Taree","10"
"Naivasha","87"
"Adrian","174"
"Lombard","174"
"Desert Hot Springs","174"
"Henrietta","174"
"Winder","174"
"Stevens Point","174"
"Kyle","174"
"Imbituba","23"
"Whanganui","120"
"Moorhead","174"
"Ormond Beach","174"
"Billerica","174"
"The Colony","174"
"North Brunswick","174"
"Klamath Falls","174"
"Nadi","55"
"Edmonds","174"
"Zanesville","174"
"Coppell","174"
"Oakley","174"
"Cotui","47"
"Cedar Falls","174"
"Arecibo","136"
"Auxerre","57"
"Canoinhas","23"
"La Quinta","174"
"Pottsville","174"
"Puyallup","174"
"Shakopee","174"
"Abadan","169"
"Muskogee","174"
"Apache Junction","174"
"Alta Floresta","23"
"Calexico","174"
"Holyoke","174"
"Haugesund","125"
"Manalapan","174"
"Raub","102"
"Pogradec","2"
"Woburn","174"
"Bartlesville","174"
"Duncanville","174"
"Spanish Fork","174"
"Delaware","174"
"Lake Oswego","174"
"Los Banos","174"
"Pacifica","174"
"Asheboro","174"
"Asha","140"
"Plant City","174"
"Tamworth","10"
"Rock Island","174"
"Kailua","174"
"Reynoldsburg","174"
"Dori","26"
"Moses Lake","174"
"Uglich","140"
"Forney","174"
"Issaquah","174"
"Orillia","30"
"Olive Branch","174"
"Tynda","140"
"Mangai","37"
"Kalispell","174"
"Clifton Park","174"
"Kalgoorlie","10"
"Morondava","100"
"Cedar City","174"
"Trumbull","174"
"Oregon City","174"
"Phenix City","174"
"Owasso","174"
"Baikonur","86"
"Nanyuki","87"
"San Juan Capistrano","174"
"Natick","174"
"LaGrange","174"
"Bettendorf","174"
"Pahrump","174"
"Victoria Falls","182"
"West Fargo","174"
"Rimouski","30"
"Honda","36"
"Inver Grove Heights","174"
"Waxahachie","174"
"East Point","174"
"Nacogdoches","174"
"Granbury","174"
"Korsakov","140"
"Timmins","30"
"Merrillville","174"
"Boardman","174"
"Oak Harbor","174"
"Grass Valley","174"
"Prince Albert","30"
"Galesburg","174"
"Gillette","174"
"Menlo Park","174"
"Kennesaw","174"
"Dartmouth","174"
"San Dimas","174"
"Staraya Russa","140"
"Sonoma","174"
"Navarre","174"
"Adelanto","174"
"Tooele","174"
"Vibo Valentia","82"
"Nagua","47"
"Riverhead","174"
"Arcata","174"
"Douglasville","174"
"Woodridge","174"
"Shepparton","10"
"Laramie","174"
"North Ridgeville","174"
"Pikesville","174"
"Springville","174"
"Pullman","174"
"Mount Isa","10"
"Foley","174"
"Franklin Town","174"
"Kholmsk","140"
"Key West","174"
"Elk Grove Village","174"
"Alamogordo","174"
"Queanbeyan","10"
"Ridgecrest","174"
"DeLand","174"
"La Verne","174"
"Melton","10"
"Massillon","174"
"Starkville","174"
"Coos Bay","174"
"Clarence","174"
"Southlake","174"
"Hopkinsville","174"
"Dubbo","10"
"Lismore","10"
"Laguna Hills","174"
"Placerville","174"
"Milledgeville","174"
"Banning","174"
"Fallbrook","174"
"Goleta","174"
"Quesada","38"
"Algonquin","174"
"Wooster","174"
"Greer","174"
"Winter Park","174"
"Gurnee","174"
"Los Gatos","174"
"Aiken","174"
"Granger","174"
"South Kingstown","174"
"Kahului","174"
"Barstow","174"
"North Tonawanda","174"
"Needham","174"
"Atascadero","174"
"North Andover","174"
"Kerrville","174"
"East Liverpool","174"
"Wuyuan","35"
"Warrnambool","10"
"South Lake Tahoe","174"
"Rexburg","174"
"North Chicago","174"
"Ukiah","174"
"Crown Point","174"
"Kirovsk","140"
"American Fork","174"
"Chamblee","174"
"Atwater","174"
"Svendborg","44"
"SeaTac","174"
"Stockbridge","174"
"North Attleborough","174"
"Plattsburgh","174"
"East Haven","174"
"Wellesley","174"
"Hermiston","174"
"Newberg","174"
"Garner","174"
"Tupiza","20"
"Granite City","174"
"West Warwick","174"
"Schererville","174"
"Big Spring","174"
"Casselberry","174"
"Benicia","174"
"Ico","23"
"West Windsor","174"
"Alga","86"
"East Chicago","174"
"Ruston","174"
"Glen Ellyn","174"
"Sion","160"
"Saugus","174"
"Ancud","34"
"Sonora","174"
"Fuquay-Varina","174"
"Ashtabula","174"
"Seguin","174"
"Alice Springs","10"
"Dodge City","174"
"Danvers","174"
"Touba","39"
"Glen Cove","174"
"Rockledge","174"
"Shaker Heights","174"
"Wilmette","174"
"Jeffersontown","174"
"Vicksburg","174"
"Savonlinna","56"
"St. Helens","174"
"Huntley","174"
"Timaru","120"
"Searcy","174"
"Allen Park","174"
"Horn Lake","174"
"Paramus","174"
"Bunbury","10"
"Wasco","174"
"McHenry","174"
"Chios","65"
"Norco","174"
"Bixby","174"
"Rock Springs","174"
"Zionsville","174"
"East St. Louis","174"
"Statesville","174"
"Marshalltown","174"
"Natchez","174"
"New Lenox","174"
"Xenia","174"
"Okha","140"
"Alvin","174"
"Brawley","174"
"New Smyrna Beach","174"
"Mason City","174"
"Sedalia","174"
"Wethersfield","174"
"Muscatine","174"
"Arlon","16"
"North Kingstown","174"
"Toktogul","90"
"Fajardo","136"
"Snoqualmie","174"
"Marquette","174"
"Espanola","174"
"White Bear Lake","174"
"Okeechobee","174"
"South Windsor","174"
"Ridgewood","174"
"Scottsbluff","174"
"Owatonna","174"
"Merrimack","174"
"Chanhassen","174"
"Kariba","182"
"South Portland","174"
"San Ignacio de Velasco","20"
"Dedham","174"
"Claremore","174"
"Tarpon Springs","174"
"Kingsville","174"
"Paraparaumu","120"
"Mercer Island","174"
"Dolores","7"
"Hermanus","152"
"Hervey Bay","10"
"Londonderry","174"
"Yucca Valley","174"
"Caledonia","174"
"Wyandotte","174"
"Edwardsville","174"
"Sevierville","174"
"Puerto Varas","34"
"West Memphis","174"
"Ponca City","174"
"Chantilly","174"
"Palmetto Bay","174"
"Branson","174"
"Fountain Hills","174"
"Chesapeake Beach","174"
"Bainbridge Island","174"
"Elk River","174"
"Coronado","174"
"Waycross","174"
"North Platte","174"
"Rosemount","174"
"Scotch Plains","174"
"Seal Beach","174"
"Tifton","174"
"Haines City","174"
"Saint-Laurent-du-Maroni","57"
"Fort Dodge","174"
"Ottumwa","174"
"Calabasas","174"
"Loma Linda","174"
"Avon Lake","174"
"Forest Grove","174"
"Frederikshavn","44"
"Faribault","174"
"Westford","174"
"Dunkirk","174"
"Wilsonville","174"
"Dinuba","174"
"Cranford","174"
"North Haven","174"
"Port Angeles","174"
"Charles Town","174"
"Diu","76"
"Greeneville","174"
"Dudinka","140"
"Forest Lake","174"
"Nazca","132"
"Half Moon Bay","174"
"Jacksonville Beach","174"
"Greenbelt","174"
"Wadsworth","174"
"Ellensburg","174"
"Roxbury","174"
"Romulus","174"
"Gallup","174"
"Camas","174"
"Auburn Hills","174"
"Mount Gambier","10"
"Sugar Hill","174"
"Meadville","174"
"Laguna Beach","174"
"Morton Grove","174"
"Hingham","174"
"Anthem","174"
"Tumwater","174"
"Roanoke Rapids","174"
"Lisle","174"
"Chalmette","174"
"Braidwood","174"
"Lathrop","174"
"Griffin","174"
"Elizabeth City","174"
"Armidale","10"
"Westerly","174"
"Owen Sound","30"
"Taupo","120"
"Jenks","174"
"Whyalla","10"
"Wareham","174"
"Corsicana","174"
"Aranyaprathet","165"
"Pyrgos","65"
"Guilford","174"
"Christiansburg","174"
"Southold","174"
"Pace","174"
"Mandan","174"
"Kihei","174"
"Brownwood","174"
"Ruskin","174"
"Warrensburg","174"
"Katoomba","10"
"Stoneham","174"
"Green Valley","174"
"Fort Walton Beach","174"
"Del City","174"
"Siloam Springs","174"
"Piqua","174"
"Biddeford","174"
"Perrysburg","174"
"Mukilteo","174"
"Ludlow","174"
"Kruje","2"
"Olean","174"
"Elko","174"
"Sun Valley","174"
"Kapolei","174"
"Ypsilanti","174"
"New Hope","174"
"Bardstown","174"
"Goulburn","10"
"Fairhope","174"
"Rolla","174"
"Sapulpa","174"
"Havelock","174"
"Logansport","174"
"Milwaukie","174"
"Cockeysville","174"
"Sequim","174"
"Agoura Hills","174"
"Silverdale","174"
"Val-d'Or","30"
"Universal City","174"
"Komatipoort","152"
"Vincennes","174"
"Libertyville","174"
"Mo i Rana","125"
"Pickerington","174"
"Marblehead","174"
"New Canaan","174"
"Kill Devil Hills","174"
"The Dalles","174"
"Lorton","174"
"Willmar","174"
"American Canyon","174"
"Masterton","120"
"Escanaba","174"
"Tukwila","174"
"Brockport","174"
"Laurinburg","174"
"King of Prussia","174"
"Rosamond","174"
"Rocky Hill","174"
"Narvik","125"
"Puerto Natales","34"
"Miamisburg","174"
"Leland","174"
"Yeniseysk","140"
"Sand Springs","174"
"Cyangugu","141"
"West Mifflin","174"
"Snellville","174"
"Orinda","174"
"Swansboro","174"
"Tahlequah","174"
"Southbury","174"
"Front Royal","174"
"San Borja","20"
"Liberal","174"
"Howard","174"
"Vernal","174"
"Bartow","174"
"Brainerd","174"
"Levin","120"
"Papillion","174"
"Saco","174"
"Natchitoches","174"
"Fernley","174"
"Echuca","10"
"North Battleford","30"
"Harstad","125"
"Pinole","174"
"Devonport","10"
"Safford","174"
"Castaic","174"
"Laconia","174"
"Brigham City","174"
"Eloy","174"
"South Burlington","174"
"McAlester","174"
"Tiffin","174"
"Altus","174"
"Macomb","174"
"East Lyme","174"
"Palestine","174"
"Slyudyanka","140"
"Uvalde","174"
"Red Bluff","174"
"Vanino","140"
"Cranbrook","30"
"Springboro","174"
"Cholpon-Ata","90"
"Moultrie","174"
"Gautier","174"
"Durant","174"
"Nanuet","174"
"Rancho Mirage","174"
"Murray Bridge","10"
"Kilgore","174"
"Kiruna","159"
"Hannibal","174"
"Ingleside","174"
"Scarsdale","174"
"Newburyport","174"
"Menomonie","174"
"Sycamore","174"
"Steubenville","174"
"Requena","132"
"Santa Fe Springs","174"
"Port Alfred","152"
"Anacortes","174"
"Lackawanna","174"
"Sunnyside","174"
"Marco Island","174"
"Edmundston","30"
"Beltsville","174"
"Safety Harbor","174"
"Tullahoma","174"
"Lithia Springs","174"
"South Hadley","174"
"Ocean Springs","174"
"Radford","174"
"Moraga","174"
"St. Michael","174"
"Albert Lea","174"
"Fort Mill","174"
"Tallmadge","174"
"Willimantic","174"
"Anoka","174"
"Nederland","174"
"North Adams","174"
"Foxborough","174"
"Martinsburg","174"
"Broken Hill","10"
"Lynden","174"
"Crossville","174"
"North Canton","174"
"Wyckoff","174"
"Gorham","174"
"Lemont","174"
"Plast","140"
"El Reno","174"
"Wailuku","174"
"McKinleyville","174"
"Brenham","174"
"Cohoes","174"
"Lock Haven","174"
"El Segundo","174"
"Karratha","10"
"Mossel Bay","152"
"Solvang","174"
"Bemidji","174"
"Nipomo","174"
"Wolcott","174"
"Lake Placid","174"
"Clemson","174"
"Lakeport","174"
"Coldwater","174"
"Bellinzona","160"
"Akureyri","75"
"Troutdale","174"
"Cinnaminson","174"
"Morganton","174"
"Lindsay","174"
"Lake Mary","174"
"McComb","174"
"Sikeston","174"
"Streetsboro","174"
"Burrillville","174"
"North Myrtle Beach","174"
"Abington","174"
"Burley","174"
"Storrs","174"
"Lake Wales","174"
"Boerne","174"
"Donaldsonville","174"
"Fairhaven","174"
"Picayune","174"
"Conyers","174"
"Camano","174"
"Belgrade","174"
"Chickasha","174"
"Auburndale","174"
"Ellington","174"
"Coalinga","174"
"Fillmore","174"
"Crescent City","174"
"Tiverton","174"
"King City","174"
"Houghton","174"
"Clearlake","174"
"Greenwood Village","174"
"Hood River","174"
"Los Osos","174"
"Circleville","174"
"Hermitage","174"
"Narragansett","174"
"North Reading","174"
"Middleburg Heights","174"
"Clarksdale","174"
"Duxbury","174"
"Stony Point","174"
"Kuala Lipis","102"
"Villa Rica","174"
"Millbrook","174"
"Willow Grove","174"
"Niceville","174"
"Bennington","174"
"Galion","174"
"Depew","174"
"Yorkton","30"
"Lakeway","174"
"Taft","174"
"Port Isabel","174"
"Dalanzadgad","113"
"Lake Geneva","174"
"Longwood","174"
"La Grande","174"
"Ramechhap","118"
"Yazoo City","174"
"Tsumeb","117"
"Seekonk","174"
"Dumas","174"
"Ledyard","174"
"Swift Current","30"
"Mariestad","159"
"Buford","174"
"New River","174"
"Tolland","174"
"Sun Lakes","174"
"Nuuk","66"
"Hershey","174"
"Boulder City","174"
"Sulphur Springs","174"
"Prince Rupert","30"
"Yankton","174"
"Astoria","174"
"Campbellsville","174"
"Fraser","174"
"Mount Washington","174"
"Tehachapi","174"
"Holliston","174"
"Pewaukee","174"
"Phillipsburg","174"
"Toppenish","174"
"Miami Springs","174"
"Wauchula","174"
"Whitewater","174"
"Mineral Wells","174"
"Mill Valley","174"
"Metuchen","174"
"Iona","174"
"Red Wing","174"
"East Bridgewater","174"
"Alausi","48"
"Port Hedland","10"
"Robbinsville","174"
"Ballina","10"
"Deming","174"
"Williams Lake","30"
"Cahokia","174"
"Effingham","174"
"Mashpee","174"
"Chippewa Falls","174"
"Southern Pines","174"
"Wangaratta","10"
"Cromwell","174"
"Jericho","174"
"East Wenatchee","174"
"Big Rapids","174"
"Mount Dora","174"
"Port Augusta","10"
"Baraboo","174"
"Conneaut","174"
"Clewiston","174"
"Raynham","174"
"Steamboat Springs","174"
"Singleton","10"
"Wood Dale","174"
"Sharonville","174"
"Quesnel","30"
"Destin","174"
"Wayland","174"
"Okmulgee","174"
"Swellendam","152"
"Twentynine Palms","174"
"Waianae","174"
"Port Lincoln","10"
"Atlantic Beach","174"
"Brevard","174"
"Alpena","174"
"Havre de Grace","174"
"Taos","174"
"St. James","174"
"Millbury","174"
"Chesterton","174"
"Cajabamba","132"
"Vidalia","174"
"Solana Beach","174"
"Jensen Beach","174"
"Reidsville","174"
"Muisne","48"
"Charlton","174"
"Pecos","174"
"New Providence","174"
"Fruita","174"
"Lahaina","174"
"Broome","10"
"Globe","174"
"Bellefonte","174"
"Fort Morgan","174"
"New Ulm","174"
"Dunmore","174"
"Borger","174"
"Port Clinton","174"
"Bay St. Louis","174"
"Champasak","91"
"Uyuni","20"
"Tarboro","174"
"Oak Island","174"
"East Hampton","174"
"Malibu","174"
"Powell River","30"
"Panama City Beach","174"
"Pennsville","174"
"Lewisboro","174"
"Cloquet","174"
"Lilburn","174"
"Librazhd","2"
"Davidson","174"
"Santaquin","174"
"Spearfish","174"
"Fergus Falls","174"
"Richmond Hill","174"
"Medfield","174"
"LaBelle","174"
"Barcelos","23"
"San Anselmo","174"
"Windsor Locks","174"
"Minden","174"
"Markham","174"
"Choctaw","174"
"Port Pirie","10"
"Winnetka","174"
"Colesberg","152"
"Cheney","174"
"Truckee","174"
"Larkspur","174"
"Othello","174"
"Sandpoint","174"
"Ulster","174"
"Elkhorn","174"
"North Smithfield","174"
"Shepherdsville","174"
"Ishpeming","174"
"Beatrice","174"
"Porvoo","56"
"Green River","174"
"Blue Ash","174"
"Portales","174"
"Florida City","174"
"Kelso","174"
"Waimea","174"
"Loganville","174"
"Pepperell","174"
"Los Alamos","174"
"Delavan","174"
"Kingsburg","174"
"Glenwood Springs","174"
"Princetown","71"
"Woodinville","174"
"Mount Sinai","174"
"Brown Deer","174"
"Tepelene","2"
"Scotts Valley","174"
"Lexington Park","174"
"Killarney","80"
"Silver City","174"
"Bucyrus","174"
"Prineville","174"
"Healdsburg","174"
"Kempsey","10"
"Sedro-Woolley","174"
"Lincoln City","174"
"Gulf Shores","174"
"Cadillac","174"
"Cafayate","7"
"Port Lavaca","174"
"Rurrenabaque","20"
"Chowchilla","174"
"Elma","174"
"Cocoa Beach","174"
"Coolidge","174"
"Brattleboro","174"
"Schiller Park","174"
"Clute","174"
"Muswellbrook","10"
"Carver","174"
"D'Iberville","174"
"Los Alamitos","174"
"Pichilemu","34"
"Wrentham","174"
"Aguadilla","136"
"Tarrytown","174"
"Woodward","174"
"West Plains","174"
"Cedarburg","174"
"Emmaus","174"
"Valdez","48"
"Guymon","174"
"Haddonfield","174"
"Samana","47"
"Storm Lake","174"
"Humahuaca","7"
"Coshocton","174"
"Mount Sterling","174"
"Lamesa","174"
"Princess Anne","174"
"Angola","174"
"East Hanover","174"
"Kennebunk","174"
"Fitzgerald","174"
"Camp Verde","174"
"Koror","128"
"Wahpeton","174"
"Maysville","174"
"Walden","174"
"Huntingdon","174"
"Lunenburg","174"
"Dobbs Ferry","174"
"Folkston","174"
"Parkes","10"
"Lithgow","10"
"Hawera","120"
"Wantage","174"
"Satellite Beach","174"
"Rifle","174"
"Bairnsdale","10"
"Mount Kisco","174"
"Elkins","174"
"Bowen","10"
"Alamosa","174"
"Big Lake","174"
"Nantucket","174"
"Grand Haven","174"
"Norwell","174"
"Ogdensburg","174"
"Linthicum","174"
"Kenora","30"
"Ngorongoro","164"
"Sussex","174"
"Winnemucca","174"
"Dawson Creek","30"
"California City","174"
"Atchison","174"
"Yeppoon","10"
"Silverton","174"
"Elk City","174"
"Ludington","174"
"Permet","2"
"Massena","174"
"Poulsbo","174"
"Three Rivers","174"
"Ketchikan","174"
"Morro Bay","174"
"Lake Arrowhead","174"
"Wapakoneta","174"
"Songo","6"
"Lloyd","174"
"Fredonia","174"
"Hanson","174"
"Van Wert","174"
"Batemans Bay","10"
"Fox Lake","174"
"Timonium","174"
"Hornell","174"
"Doraville","174"
"Saks","174"
"Somers Point","174"
"Vermilion","174"
"Acushnet","174"
"Springbok","152"
"Baie-Comeau","30"
"Manville","174"
"Cape Canaveral","174"
"Avon Park","174"
"Fort Bragg","174"
"Malone","174"
"Kiama","10"
"Melvindale","174"
"Tega Cay","174"
"Magnolia","174"
"Fort Madison","174"
"Sweet Home","174"
"Canandaigua","174"
"Hinton","30"
"Caldera","34"
"Sleepy Hollow","174"
"Busselton","10"
"Shasta Lake","174"
"Old Saybrook","174"
"Fife","174"
"Wasilla","174"
"Katherine","10"
"Mentone","174"
"Nogliki","140"
"Kutztown","174"
"Standish","174"
"Snohomish","174"
"Key Largo","174"
"River Vale","174"
"Colts Neck","174"
"Grenada","174"
"Skovorodino","140"
"Kuruman","152"
"Hammerfest","125"
"Selkirk","30"
"East Rutherford","174"
"Liberty Lake","174"
"Wabash","174"
"East Aurora","174"
"Mapleton","174"
"Steinbach","30"
"Cody","174"
"Miles City","174"
"White Marsh","174"
"Boaz","174"
"Kittery","174"
"St. Pete Beach","174"
"Bernalillo","174"
"Bishop","174"
"Pella","174"
"Rayne","174"
"Central City","174"
"Rye Brook","174"
"Charters Towers","10"
"Hackettstown","174"
"Gig Harbor","174"
"Baker City","174"
"Manistee","174"
"Fort Stockton","174"
"Castelli","7"
"Itasca","174"
"Lititz","174"
"Yorkshire","174"
"Emerald","10"
"Rice Lake","174"
"Lambertville","174"
"Le Mars","174"
"Cloverdale","174"
"Saline","174"
"Bohemia","174"
"Dillon","174"
"Hartland","174"
"Swan Hill","10"
"Tomah","174"
"College Place","174"
"Ulladulla","10"
"Kapuskasing","30"
"Cape Elizabeth","174"
"Jersey Shore","174"
"Blackstone","174"
"Lenoir City","174"
"Tiburon","174"
"Thief River Falls","174"
"Kodiak","174"
"Madeira","174"
"Guthrie","174"
"Colac","10"
"Dauphin","30"
"Madras","174"
"Brewer","174"
"Namsos","125"
"Garrison","174"
"Dexter","174"
"Tuba City","174"
"Manteno","174"
"Mechanicsburg","174"
"Montecito","174"
"Newmarket","174"
"Sheffield Lake","174"
"Triangle","174"
"Grinnell","174"
"Berthoud","174"
"Rawlins","174"
"Quakertown","174"
"Port Townsend","174"
"Susanville","174"
"Harrodsburg","174"
"Murrells Inlet","174"
"Old Orchard Beach","174"
"Rhinelander","174"
"Claymont","174"
"Orange Park","174"
"Rio Vista","174"
"Perryton","174"
"Perryville","174"
"La Libertad","68"
"Orrville","174"
"Frostburg","174"
"East Grand Forks","174"
"Cortez","174"
"Wagoner","174"
"Los Altos Hills","174"
"Farmville","174"
"Detroit Lakes","174"
"Kingaroy","10"
"Monett","174"
"Buckhannon","174"
"Celebration","174"
"Port Wentworth","174"
"Prairie du Sac","174"
"Hoquiam","174"
"Oranjemund","117"
"Moundsville","174"
"Kulpsville","174"
"Sturgeon Bay","174"
"Tuscumbia","174"
"Cohasset","174"
"Runnemede","174"
"Ripley","174"
"Gering","174"
"Doylestown","174"
"Kenilworth","174"
"Canal Winchester","174"
"Petoskey","174"
"Napoleon","174"
"Waynesburg","174"
"Croton-on-Hudson","174"
"Pismo Beach","174"
"Kenton","174"
"Decorah","174"
"Bayport","174"
"Tillamook","174"
"Black Mountain","174"
"Menominee","174"
"Omak","174"
"Dalhart","174"
"Rabaul","130"
"Vinton","174"
"Chardon","174"
"Firebaugh","174"
"Willits","174"
"Long Grove","174"
"Briarcliff Manor","174"
"Hastings-on-Hudson","174"
"El Calafate","7"
"La Junta","174"
"Abingdon","174"
"Green Cove Springs","174"
"Oberlin","174"
"Latrobe","174"
"Camp Hill","174"
"Old Forge","174"
"Columbiana","174"
"Esperance","10"
"Crookston","174"
"Dryden","30"
"Sallisaw","174"
"Bernardsville","174"
"San Juan del Sur","121"
"Oceano","174"
"Delta","174"
"Victor Harbor","10"
"Emerson","174"
"Seville","174"
"Clear Lake","174"
"Scotia","174"
"Wapato","174"
"Revelstoke","30"
"Sebastopol","174"
"Estes Park","174"
"Plaistow","174"
"Gettysburg","174"
"New Roads","174"
"Devils Lake","174"
"Lamar","174"
"Ojai","174"
"Calipatria","174"
"Mount Shasta","174"
"Chehalis","174"
"Delafield","174"
"Saranac Lake","174"
"Strathmore","174"
"Banff","30"
"River Rouge","174"
"Morrow","174"
"Fairlawn","174"
"Gold River","174"
"LaFayette","174"
"Yreka","174"
"Payette","174"
"McCook","174"
"Osceola","174"
"Thurmont","174"
"Herkimer","174"
"Monument","174"
"Connellsville","174"
"Dunbar","174"
"Lincolnshire","174"
"Kenwood","174"
"Delphos","174"
"Soldotna","174"
"Leeton","10"
"Lander","174"
"Neptune Beach","174"
"Corbin","174"
"Freeland","174"
"Pollock Pines","174"
"Strasburg","174"
"Skiatook","174"
"Winooski","174"
"Austell","174"
"Wauseon","174"
"Willows","174"
"St. Helena","174"
"Moab","174"
"Sausalito","174"
"Paintsville","174"
"Keyport","174"
"Gunnison","174"
"Lihue","174"
"Union Grove","174"
"New Paltz","174"
"Milton-Freewater","174"
"Catoosa","174"
"Wytheville","174"
"Sedona","174"
"Ben Lomond","174"
"Barnesville","174"
"Sandston","174"
"Chestertown","174"
"Columbia Falls","174"
"Seward","174"
"Makawao","174"
"Cowra","10"
"Kimberly","174"
"Byron Bay","10"
"Blairsville","174"
"Creswell","174"
"Bee Cave","174"
"Ephraim","174"
"Red Hook","174"
"Interlaken","174"
"Glendive","174"
"Plaquemine","174"
"Locust Grove","174"
"Aquia Harbour","174"
"East Rochester","174"
"Ironwood","174"
"Hapeville","174"
"Veneta","174"
"Prairie du Chien","174"
"Blackwell","174"
"Broadway","174"
"Penn Yan","174"
"Gulf Breeze","174"
"Tumut","10"
"Rossford","174"
"Cooma","10"
"Galax","174"
"Topsfield","174"
"Talent","174"
"Dahlonega","174"
"Rushville","174"
"Gladewater","174"
"Flin Flon","30"
"Allegan","174"
"Stone Mountain","174"
"Merimbula","10"
"Dalaba","69"
"Steilacoom","174"
"Blue Bell","174"
"Henryetta","174"
"Carolina Beach","174"
"Prosser","174"
"Swarthmore","174"
"Carrizo Springs","174"
"Blakely","174"
"Nelsonville","174"
"Eastman","174"
"Punxsutawney","174"
"Metropolis","174"
"Union Gap","174"
"Battlefield","174"
"Heathrow","174"
"Garrettsville","174"
"Leonardtown","174"
"Ararat","10"
"Chelan","174"
"Catskill","174"
"The Pas","30"
"Litchfield Park","174"
"Northville","174"
"Upper Sandusky","174"
"Fair Haven","174"
"Lake Alfred","174"
"Selinsgrove","174"
"White Rock","174"
"Kerikeri","120"
"Siesta Key","174"
"Hellertown","174"
"Gustine","174"
"Pauls Valley","174"
"Vegreville","30"
"Anadarko","174"
"Chickasaw","174"
"Aptos","174"
"Granville","174"
"St. Robert","174"
"Burnet","174"
"Fort Wright","174"
"Spring Grove","174"
"Kununurra","10"
"Berne","174"
"Vinita","174"
"Springhill","174"
"Wailea","174"
"New Carlisle","174"
"Carlinville","174"
"Marlin","174"
"Ocean Shores","174"
"Boxborough","174"
"Holdenville","174"
"Lochbuie","174"
"Corydon","174"
"Coraopolis","174"
"Swartz Creek","174"
"Bellows Falls","174"
"Canal Fulton","174"
"Colby","174"
"Slinger","174"
"Manteo","174"
"Mudgee","10"
"Eaton Rapids","174"
"Hightstown","174"
"Fairport","174"
"Ballston Spa","174"
"Peace River","30"
"Big Pine Key","174"
"Chadron","174"
"Manitou Springs","174"
"Lehighton","174"
"Williamsville","174"
"Elmsford","174"
"Holdrege","174"
"Gilbertsville","174"
"Frankenmuth","174"
"Calistoga","174"
"Big Bear Lake","174"
"Algona","174"
"Kaitaia","120"
"Belle Fourche","174"
"Clarinda","174"
"Polson","174"
"Jinzhong","35"
"Worland","174"
"Bisbee","174"
"Buellton","174"
"Brady","174"
"Collegeville","174"
"Ward","174"
"Dwight","174"
"Flagler Beach","174"
"Colville","174"
"St. Clairsville","174"
"Shepherdstown","174"
"Wanaka","120"
"West Salem","174"
"Bridgeville","174"
"Forbes","10"
"Goondiwindi","10"
"Smithton","10"
"Proserpine","10"
"Kirkenes","125"
"Turangi","120"
"La Paloma","175"
"Fort Chipewyan","30"
"Hokitika","120"
"Central Coast","10"
"Port Douglas","10"
"Lac La Biche","30"
"Renwick","120"
"Longreach","10"
"Wallaroo","10"
"Gimli","30"
"Donegal","80"
"Bourke","10"
"Rankin Inlet","30"
"Port Hardy","30"
"Puerto Villamil","48"
"Kaikoura","120"
"Charleville","10"
"Te Anau","120"
"Yamba","10"
"Alexander Bay","152"
"Uummannaq","66"
"Lake Louise","30"
"Cloncurry","10"
"Streaky Bay","10"
"Tarapoto","132"
"Glocester","174"
"Brewster","174"
"Pine Ridge","174"
"Stuarts Draft","174"
"Vashon","174"
"Hermantown","174"
"Sturbridge","174"
"Newfane","174"
"Ruidoso","174"
"Fort Knox","174"
"East Haddam","174"
"Seneca Falls","174"
"Needles","174"
"Monson","174"
"Incline Village","174"
"Topsham","174"
"Eufaula","174"
"Blanchard","174"
"Hooper","174"
"Montesano","174"
"Montague","174"
"Baxter","174"
"Grantsville","174"
"Frostproof","174"
"Boxford","174"
"Buxton","174"
"Poteau","174"
"Ellsworth","174"
"Bajram Curri","2"
"Carneys Point","174"
"Upton","174"
"Laughlin","174"
"Waterboro","174"
"Topanga","174"
"Caribou","174"
"Mammoth Lakes","174"
"Urubamba","132"
"Old Lyme","174"
"Igarka","140"
"Dighton","174"
"St. Johnsbury","174"
"Sanibel","174"
"Truth or Consequences","174"
"Marianna","174"
"DeFuniak Springs","174"
"Swanzey","174"
"Tuttle","174"
"West Bridgewater","174"
"Gilford","174"
"Parry Sound","30"
"Fort Payne","174"
"Quellon","34"
"Joshua Tree","174"
"Great Barrington","174"
"Milo","174"
"Sitka","174"
"Epping","174"
"Golfito","38"
"Antigonish","30"
"North Branch","174"
"Ghadamis","96"
"Outjo","117"
"Andalusia","174"
"Ellenville","174"
"Meredith","174"
"Fort Nelson","30"
"Sandown","174"
"Selfoss","75"
"Mattapoisett","174"
"Smithers","30"
"Pigeon Forge","174"
"Wolfeboro","174"
"Rowley","174"
"West Greenwich","174"
"Westmoreland","174"
"Anaconda","174"
"Orange Beach","174"
"Rindge","174"
"Mims","174"
"Houlton","174"
"Clanton","174"
"Blairstown","174"
"Bilibino","140"
"Rumford","174"
"Indiantown","174"
"Presque Isle","174"
"New Gloucester","174"
"Cave Creek","174"
"Okhotsk","140"
"Woodside","174"
"Harwinton","174"
"Poland","174"
"Pagosa Springs","174"
"New Boston","174"
"Jim Thorpe","174"
"Indian Wells","174"
"Kenai","174"
"Bar Harbor","174"
"Bridgton","174"
"Maine","174"
"Ghent","174"
"North Stonington","174"
"Flanders","174"
"Canterbury","174"
"Hearst","30"
"Sugarcreek","174"
"Pevek","140"
"San Javier","20"
"Digby","30"
"Gander","30"
"Krasnogorsk","140"
"Inuvik","30"
"Samaipata","20"
"Lillooet","30"
"Provideniya","140"
"Mariscal Estigarribia","131"
"Coroico","20"
"Stanley","7"
"Sorata","20"
"Borgarnes","75"
"Moosonee","30"
"Tofino","30"
"Ceduna","10"
"Meningie","10"
"Cobalt","30"
"Kuujjuaq","30"
"Nipigon","30"
"Nain","30"
"Upernavik","66"
"Mirbat","126"
"Exmouth","10"
"Norseman","10"
"Churchill","30"
"Yulara","10"
"Tuktoyaktuk","30"
"Baddeck","30"
"Watson Lake","30"
"Bavaro","47"
"Pine Creek","10"
"Kimba","10"
"Qaanaaq","66"
"Panda","115"
"Onslow","10"
"Sandspit","30"
"Cowell","10"
"Cartwright","30"
"Woomera","10"
"Trepassey","30"
"Kulusuk","66"
"Birdsville","10"
"Villa O'Higgins","34"
"Resolute","30"
"Nimule","156"
"Adelaide River","10"
"Leonora","10"
"Thargomindah","10"
"Burketown","10"
"Port Hope Simpson","30"
"Bicheno","10"
"Karumba","10"
"Narsarsuaq","66"
"Alert","30"
"Uranium City","30"
"Zillah","96"
